{"cameraMode":{"drawMode":0,"name":"Shaded","section":"Shading Mode"},"sceneLighting":false,"audioPlay":false,"sceneViewState":{"m_AlwaysRefresh":false,"showFog":true,"showSkybox":false,"showFlares":true,"showImageEffects":true,"showParticleSystems":true,"showVisualEffectGraphs":true,"m_FxEnabled":true},"in2DMode":false,"pivot":{"x":0.1298973560333252,"y":3.3102564811706545,"z":-0.3556104600429535},"rotation":{"x":0.053916554898023608,"y":-0.7127676010131836,"z":0.05040941759943962,"w":0.6975347995758057},"size":3.5346550941467287,"orthographic":false}