{"cameraMode":{"drawMode":0,"name":"Shaded","section":"Shading Mode"},"sceneLighting":true,"audioPlay":false,"sceneViewState":{"m_AlwaysRefresh":false,"showFog":true,"showSkybox":false,"showFlares":true,"showImageEffects":true,"showParticleSystems":true,"showVisualEffectGraphs":true,"m_FxEnabled":true},"in2DMode":false,"pivot":{"x":-0.25519639253616335,"y":0.2869502604007721,"z":-0.050035715103149417},"rotation":{"x":-0.05021883547306061,"y":0.8061288595199585,"z":-0.06353557109832764,"w":-0.5862670540809631},"size":0.8660253882408142,"orthographic":false}