{"cameraMode":{"drawMode":0,"name":"Shaded","section":"Shading Mode"},"sceneLighting":true,"audioPlay":false,"sceneViewState":{"m_AlwaysRefresh":false,"showFog":true,"showSkybox":false,"showFlares":true,"showImageEffects":true,"showParticleSystems":true,"showVisualEffectGraphs":true,"m_FxEnabled":true},"in2DMode":false,"pivot":{"x":-0.009451106190681458,"y":4.366250514984131,"z":0.5567495822906494},"rotation":{"x":-0.02387101761996746,"y":-0.619118869304657,"z":-0.02300094999372959,"w":0.7846096158027649},"size":0.8843438029289246,"orthographic":false}