{"cameraMode":{"drawMode":0,"name":"Shaded","section":"Shading Mode"},"sceneLighting":true,"audioPlay":false,"sceneViewState":{"m_AlwaysRefresh":false,"showFog":true,"showSkybox":false,"showFlares":true,"showImageEffects":true,"showParticleSystems":true,"showVisualEffectGraphs":true,"m_FxEnabled":true},"in2DMode":false,"pivot":{"x":-0.25519639253616335,"y":0.2869502604007721,"z":-0.050035715103149417},"rotation":{"x":-0.062186937779188159,"y":0.7647397518157959,"z":-0.06946466863155365,"w":-0.6376776695251465},"size":2.36602520942688,"orthographic":false}