{"cameraMode":{"drawMode":0,"name":"Shaded","section":"Shading Mode"},"sceneLighting":true,"audioPlay":false,"sceneViewState":{"m_AlwaysRefresh":false,"showFog":true,"showSkybox":false,"showFlares":true,"showImageEffects":true,"showParticleSystems":true,"showVisualEffectGraphs":true,"m_FxEnabled":true},"in2DMode":false,"pivot":{"x":-0.07986170053482056,"y":4.834776401519775,"z":0.27973055839538576},"rotation":{"x":-0.06137333810329437,"y":0.12646722793579102,"z":0.004550640005618334,"w":0.9900742769241333},"size":0.8843438029289246,"orthographic":false}