{"cameraMode":{"drawMode":0,"name":"Shaded","section":"Shading Mode"},"sceneLighting":true,"audioPlay":false,"sceneViewState":{"m_AlwaysRefresh":false,"showFog":true,"showSkybox":false,"showFlares":true,"showImageEffects":true,"showParticleSystems":true,"showVisualEffectGraphs":true,"m_FxEnabled":true},"in2DMode":false,"pivot":{"x":-0.2914430499076843,"y":0.4208051562309265,"z":0.06371486186981201},"rotation":{"x":-0.14059504866600038,"y":0.7126039266586304,"z":-0.14428606629371644,"w":-0.6721387505531311},"size":0.9339746832847595,"orthographic":false}