{"cameraMode":{"drawMode":0,"name":"Shaded","section":"Shading Mode"},"sceneLighting":true,"audioPlay":false,"sceneViewState":{"m_AlwaysRefresh":false,"showFog":true,"showSkybox":false,"showFlares":true,"showImageEffects":true,"showParticleSystems":true,"showVisualEffectGraphs":true,"m_FxEnabled":true},"in2DMode":false,"pivot":{"x":-0.14176791906356812,"y":4.3800554275512699,"z":-5.960464477539063e-8},"rotation":{"x":0.27683061361312868,"y":-0.026032719761133195,"z":0.004102757666260004,"w":0.9605667591094971},"size":0.9888726472854614,"orthographic":false}