{"cameraMode":{"drawMode":0,"name":"Shaded","section":"Shading Mode"},"sceneLighting":false,"audioPlay":false,"sceneViewState":{"m_AlwaysRefresh":false,"showFog":true,"showSkybox":false,"showFlares":true,"showImageEffects":true,"showParticleSystems":true,"showVisualEffectGraphs":true,"m_FxEnabled":true},"in2DMode":false,"pivot":{"x":1.5665669441223145,"y":2.112457513809204,"z":0.29284781217575076},"rotation":{"x":0.05585923790931702,"y":0.7182348370552063,"z":-0.05812617391347885,"w":0.6911715865135193},"size":5.133974552154541,"orthographic":false}