{"cameraMode":{"drawMode":0,"name":"Shaded","section":"Shading Mode"},"sceneLighting":false,"audioPlay":false,"sceneViewState":{"m_AlwaysRefresh":false,"showFog":true,"showSkybox":false,"showFlares":true,"showImageEffects":true,"showParticleSystems":true,"showVisualEffectGraphs":true,"m_FxEnabled":true},"in2DMode":false,"pivot":{"x":9.322264671325684,"y":6.594447612762451,"z":10.231369018554688},"rotation":{"x":0.024533744901418687,"y":-0.9492214322090149,"z":0.3042697012424469,"w":0.07647460699081421},"size":0.8660256266593933,"orthographic":false}