{"cameraMode":{"drawMode":0,"name":"Shaded","section":"Shading Mode"},"sceneLighting":false,"audioPlay":false,"sceneViewState":{"m_AlwaysRefresh":false,"showFog":true,"showSkybox":false,"showFlares":true,"showImageEffects":true,"showParticleSystems":true,"showVisualEffectGraphs":true,"m_FxEnabled":true},"in2DMode":false,"pivot":{"x":0.023658424615859987,"y":0.25545060634613039,"z":0.3697015345096588},"rotation":{"x":0.23487380146980287,"y":-0.18624070286750794,"z":0.03771234303712845,"w":0.9535963535308838},"size":0.5731631517410278,"orthographic":false}