{"cameraMode":{"drawMode":0,"name":"Shaded","section":"Shading Mode"},"sceneLighting":false,"audioPlay":false,"sceneViewState":{"m_AlwaysRefresh":false,"showFog":true,"showSkybox":false,"showFlares":true,"showImageEffects":true,"showParticleSystems":true,"showVisualEffectGraphs":true,"m_FxEnabled":true},"in2DMode":false,"pivot":{"x":-0.01461152732372284,"y":-0.05788806080818176,"z":-0.015260621905326844},"rotation":{"x":0.00011137074761791155,"y":-0.707420289516449,"z":-0.0005174503894522786,"w":0.7075383067131043},"size":0.23932532966136933,"orthographic":false}