{"cameraMode":{"drawMode":0,"name":"Shaded","section":"Shading Mode"},"sceneLighting":false,"audioPlay":false,"sceneViewState":{"m_AlwaysRefresh":false,"showFog":true,"showSkybox":false,"showFlares":true,"showImageEffects":true,"showParticleSystems":true,"showVisualEffectGraphs":true,"m_FxEnabled":true},"in2DMode":false,"pivot":{"x":0.2751999795436859,"y":-0.38478678464889529,"z":0.46009206771850588},"rotation":{"x":0.09326299279928208,"y":0.5800619125366211,"z":-0.07584723085165024,"w":0.8057431578636169},"size":1.6659965515136719,"orthographic":false}