{"cameraMode":{"drawMode":0,"name":"Shaded","section":"Shading Mode"},"sceneLighting":false,"audioPlay":false,"sceneViewState":{"m_AlwaysRefresh":false,"showFog":true,"showSkybox":false,"showFlares":true,"showImageEffects":true,"showParticleSystems":true,"showVisualEffectGraphs":true,"m_FxEnabled":true},"in2DMode":false,"pivot":{"x":0.25224071741104128,"y":-0.43222934007644656,"z":0.3756362497806549},"rotation":{"x":0.31744876503944399,"y":0.3073994815349579,"z":-0.11770910769701004,"w":0.8894355893135071},"size":1.3659965991973878,"orthographic":false}