{"cameraMode":{"drawMode":0,"name":"Shaded","section":"Shading Mode"},"sceneLighting":false,"audioPlay":false,"sceneViewState":{"m_AlwaysRefresh":false,"showFog":true,"showSkybox":false,"showFlares":true,"showImageEffects":true,"showParticleSystems":true,"showVisualEffectGraphs":true,"m_FxEnabled":true},"in2DMode":false,"pivot":{"x":-0.49857181310653689,"y":-0.190511092543602,"z":-0.4094669222831726},"rotation":{"x":0.06638836860656738,"y":-0.8872775435447693,"z":0.14091016352176667,"w":0.43518027663230898},"size":0.9710313677787781,"orthographic":false}