{"cameraMode":{"drawMode":0,"name":"Shaded","section":"Shading Mode"},"sceneLighting":false,"audioPlay":false,"sceneViewState":{"m_AlwaysRefresh":false,"showFog":true,"showSkybox":false,"showFlares":true,"showImageEffects":true,"showParticleSystems":true,"showVisualEffectGraphs":true,"m_FxEnabled":true},"in2DMode":false,"pivot":{"x":-0.4654296338558197,"y":-0.2497643530368805,"z":-0.4508071541786194},"rotation":{"x":0.06519624590873718,"y":-0.8423672318458557,"z":0.10997535288333893,"w":0.5243592858314514},"size":0.9710313677787781,"orthographic":false}