{"cameraMode":{"drawMode":0,"name":"Shaded","section":"Shading Mode"},"sceneLighting":false,"audioPlay":false,"sceneViewState":{"m_AlwaysRefresh":false,"showFog":true,"showSkybox":false,"showFlares":true,"showImageEffects":true,"showParticleSystems":true,"showVisualEffectGraphs":true,"m_FxEnabled":true},"in2DMode":false,"pivot":{"x":0.14059804379940034,"y":-0.08712420612573624,"z":-0.0005727559328079224},"rotation":{"x":0.21091943979263307,"y":-0.3043939769268036,"z":0.07221069186925888,"w":0.9265576004981995},"size":0.4330126941204071,"orthographic":false}