{"cameraMode":{"drawMode":0,"name":"Shaded","section":"Shading Mode"},"sceneLighting":false,"audioPlay":false,"sceneViewState":{"m_AlwaysRefresh":false,"showFog":true,"showSkybox":false,"showFlares":true,"showImageEffects":true,"showParticleSystems":true,"showVisualEffectGraphs":true,"m_FxEnabled":true},"in2DMode":false,"pivot":{"x":-0.028621520847082139,"y":0.004084933083504438,"z":0.02966056764125824},"rotation":{"x":0.00011137074761791155,"y":-0.707420289516449,"z":-0.0005174503894522786,"w":0.7075383067131043},"size":0.21188974380493165,"orthographic":false}