{"cameraMode":{"drawMode":0,"name":"Shaded","section":"Shading Mode"},"sceneLighting":true,"audioPlay":false,"sceneViewState":{"m_AlwaysRefresh":false,"showFog":true,"showSkybox":true,"showFlares":true,"showImageEffects":true,"showParticleSystems":true,"showVisualEffectGraphs":true,"m_FxEnabled":true},"in2DMode":false,"pivot":{"x":57.45234680175781,"y":0.07027935981750488,"z":7.2158660888671879},"rotation":{"x":0.39058718085289,"y":0.13673724234104157,"z":-0.06512241065502167,"w":0.9080707430839539},"size":17.319421768188478,"orthographic":false}