{"cameraMode":{"drawMode":0,"name":"Shaded","section":"Shading Mode"},"sceneLighting":true,"audioPlay":false,"sceneViewState":{"m_AlwaysRefresh":false,"showFog":true,"showSkybox":true,"showFlares":true,"showImageEffects":true,"showParticleSystems":true,"showVisualEffectGraphs":true,"m_FxEnabled":true},"in2DMode":false,"pivot":{"x":49.969154357910159,"y":-4.579502105712891,"z":9.969766616821289},"rotation":{"x":-0.21037372946739198,"y":0.29577210545539858,"z":-0.06696319580078125,"w":-0.9294407963752747},"size":16.908519744873048,"orthographic":false}