{"cameraMode":{"drawMode":0,"name":"Shaded","section":"Shading Mode"},"sceneLighting":true,"audioPlay":false,"sceneViewState":{"m_AlwaysRefresh":false,"showFog":true,"showSkybox":true,"showFlares":true,"showImageEffects":true,"showParticleSystems":true,"showVisualEffectGraphs":true,"m_FxEnabled":true},"in2DMode":false,"pivot":{"x":-0.47974395751953127,"y":10.196167945861817,"z":16.98571014404297},"rotation":{"x":0.2575733959674835,"y":-0.44547006487846377,"z":0.13156627118587495,"w":0.8472922444343567},"size":39.509422302246097,"orthographic":false}