{"cameraMode":{"drawMode":0,"name":"Shaded","section":"Shading Mode"},"sceneLighting":true,"audioPlay":false,"sceneViewState":{"m_AlwaysRefresh":false,"showFog":true,"showSkybox":true,"showFlares":true,"showImageEffects":true,"showParticleSystems":true,"showVisualEffectGraphs":true,"m_FxEnabled":true},"in2DMode":false,"pivot":{"x":22.812719345092775,"y":4.721739768981934,"z":21.640033721923829},"rotation":{"x":0.0350029282271862,"y":-0.48152828216552737,"z":0.019133294001221658,"w":0.8756066560745239},"size":23.84766387939453,"orthographic":false}