{"cameraMode":{"drawMode":0,"name":"Shaded","section":"Shading Mode"},"sceneLighting":true,"audioPlay":false,"sceneViewState":{"m_AlwaysRefresh":false,"showFog":true,"showSkybox":true,"showFlares":true,"showImageEffects":true,"showParticleSystems":true,"showVisualEffectGraphs":true,"m_FxEnabled":true},"in2DMode":false,"pivot":{"x":23.073240280151368,"y":4.6637420654296879,"z":0.5156106948852539},"rotation":{"x":0.0067467112094163898,"y":0.8822338581085205,"z":0.013069259002804757,"w":-0.47105929255485537},"size":21.36800193786621,"orthographic":false}