{"cameraMode":{"drawMode":0,"name":"Shaded","section":"Shading Mode"},"sceneLighting":false,"audioPlay":false,"sceneViewState":{"m_AlwaysRefresh":false,"showFog":true,"showSkybox":false,"showFlares":true,"showImageEffects":true,"showParticleSystems":true,"showVisualEffectGraphs":true,"m_FxEnabled":true},"in2DMode":false,"pivot":{"x":-2.9566609859466554,"y":4.178519248962402,"z":-0.7948938012123108},"rotation":{"x":0.021149292588233949,"y":0.7010785341262817,"z":0.029822582378983499,"w":-0.7121882438659668},"size":7.034614086151123,"orthographic":false}