{"cameraMode":{"drawMode":0,"name":"Shaded","section":"Shading Mode"},"sceneLighting":false,"audioPlay":false,"sceneViewState":{"m_AlwaysRefresh":false,"showFog":true,"showSkybox":false,"showFlares":true,"showImageEffects":true,"showParticleSystems":true,"showVisualEffectGraphs":true,"m_FxEnabled":true},"in2DMode":false,"pivot":{"x":0.07923030853271485,"y":3.524679183959961,"z":-0.09442257881164551},"rotation":{"x":0.009400630369782448,"y":-0.9970580339431763,"z":0.06987829506397248,"w":0.0300664771348238},"size":9.537602424621582,"orthographic":false}