{"cameraMode":{"drawMode":0,"name":"Shaded","section":"Shading Mode"},"sceneLighting":true,"audioPlay":false,"sceneViewState":{"m_AlwaysRefresh":false,"showFog":true,"showSkybox":false,"showFlares":true,"showImageEffects":true,"showParticleSystems":true,"showVisualEffectGraphs":true,"m_FxEnabled":true},"in2DMode":false,"pivot":{"x":-0.017366930842399598,"y":3.2736785411834719,"z":-0.053628675639629367},"rotation":{"x":-0.005682321731001139,"y":-0.7784874439239502,"z":-0.006211836822330952,"w":0.6276383399963379},"size":0.5660253763198853,"orthographic":false}