{"cameraMode":{"drawMode":0,"name":"Shaded","section":"Shading Mode"},"sceneLighting":true,"audioPlay":false,"sceneViewState":{"m_AlwaysRefresh":false,"showFog":true,"showSkybox":false,"showFlares":true,"showImageEffects":true,"showParticleSystems":true,"showVisualEffectGraphs":true,"m_FxEnabled":true},"in2DMode":false,"pivot":{"x":-0.29886549711227419,"y":5.329522132873535,"z":-0.30366450548171999},"rotation":{"x":0.04863426089286804,"y":0.8615642786026001,"z":0.08295302838087082,"w":-0.49854135513305666},"size":2.6437766551971437,"orthographic":false}