{"cameraMode":{"drawMode":0,"name":"Shaded","section":"Shading Mode"},"sceneLighting":true,"audioPlay":false,"sceneViewState":{"m_AlwaysRefresh":false,"showFog":true,"showSkybox":false,"showFlares":true,"showImageEffects":true,"showParticleSystems":true,"showVisualEffectGraphs":true,"m_FxEnabled":true},"in2DMode":false,"pivot":{"x":4.984651565551758,"y":3.7887537479400636,"z":4.314552307128906},"rotation":{"x":-0.025462748482823373,"y":-0.7572953701019287,"z":0.028743978589773179,"w":-0.6522781848907471},"size":4.166025161743164,"orthographic":false}