{"cameraMode":{"drawMode":0,"name":"Shaded","section":"Shading Mode"},"sceneLighting":true,"audioPlay":false,"sceneViewState":{"m_AlwaysRefresh":false,"showFog":true,"showSkybox":false,"showFlares":true,"showImageEffects":true,"showParticleSystems":true,"showVisualEffectGraphs":true,"m_FxEnabled":true},"in2DMode":false,"pivot":{"x":-0.29886549711227419,"y":5.329522132873535,"z":-0.30366450548171999},"rotation":{"x":0.00474911043420434,"y":0.7226999402046204,"z":0.004178487695753574,"w":-0.6911957263946533},"size":2.6437766551971437,"orthographic":false}