{"cameraMode":{"drawMode":0,"name":"Shaded","section":"Shading Mode"},"sceneLighting":false,"audioPlay":false,"sceneViewState":{"m_AlwaysRefresh":false,"showFog":true,"showSkybox":false,"showFlares":true,"showImageEffects":true,"showParticleSystems":true,"showVisualEffectGraphs":true,"m_FxEnabled":true},"in2DMode":false,"pivot":{"x":-0.45595091581344607,"y":5.55932092666626,"z":-0.060363590717315677},"rotation":{"x":0.27894890308380129,"y":0.11615247279405594,"z":-0.03407590836286545,"w":0.9531725645065308},"size":5.155335426330566,"orthographic":false}