{"cameraMode":{"drawMode":0,"name":"Shaded","section":"Shading Mode"},"sceneLighting":false,"audioPlay":false,"sceneViewState":{"m_AlwaysRefresh":false,"showFog":true,"showSkybox":false,"showFlares":true,"showImageEffects":true,"showParticleSystems":true,"showVisualEffectGraphs":true,"m_FxEnabled":true},"in2DMode":false,"pivot":{"x":-0.032085418701171878,"y":0.5453488826751709,"z":0.1012275218963623},"rotation":{"x":-0.1132277250289917,"y":-0.101173996925354,"z":0.011145362630486489,"w":-0.988548994064331},"size":3.3651134967803957,"orthographic":false}