{"cameraMode":{"drawMode":0,"name":"Shaded","section":"Shading Mode"},"sceneLighting":false,"audioPlay":false,"sceneViewState":{"m_AlwaysRefresh":false,"showFog":true,"showSkybox":false,"showFlares":true,"showImageEffects":true,"showParticleSystems":true,"showVisualEffectGraphs":true,"m_FxEnabled":true},"in2DMode":false,"pivot":{"x":-33.961692810058597,"y":2.5312628746032717,"z":-5.497668266296387},"rotation":{"x":0.015714311972260476,"y":-0.9722104668617249,"z":0.23268982768058778,"w":0.028811540454626085},"size":2.6657631397247316,"orthographic":false}