{"cameraMode":{"drawMode":0,"name":"Shaded","section":"Shading Mode"},"sceneLighting":false,"audioPlay":false,"sceneViewState":{"m_AlwaysRefresh":false,"showFog":true,"showSkybox":false,"showFlares":true,"showImageEffects":true,"showParticleSystems":true,"showVisualEffectGraphs":true,"m_FxEnabled":true},"in2DMode":false,"pivot":{"x":0.13929158449172975,"y":0.2435506284236908,"z":-0.3636902868747711},"rotation":{"x":0.07140542566776276,"y":-0.4451715052127838,"z":0.03547725826501846,"w":0.8919926285743713},"size":0.3314177989959717,"orthographic":false}