{"cameraMode":{"drawMode":0,"name":"Shaded","section":"Shading Mode"},"sceneLighting":false,"audioPlay":false,"sceneViewState":{"m_AlwaysRefresh":false,"showFog":true,"showSkybox":false,"showFlares":true,"showImageEffects":true,"showParticleSystems":true,"showVisualEffectGraphs":true,"m_FxEnabled":true},"in2DMode":false,"pivot":{"x":0.6055145859718323,"y":-0.47918736934661868,"z":-0.031211070716381074},"rotation":{"x":0.029817311093211175,"y":-0.6539664268493652,"z":0.025607509538531305,"w":0.7556266188621521},"size":0.0314178466796875,"orthographic":false}