{"cameraMode":{"drawMode":0,"name":"Shaded","section":"Shading Mode"},"sceneLighting":false,"audioPlay":false,"sceneViewState":{"m_AlwaysRefresh":false,"showFog":true,"showSkybox":false,"showFlares":true,"showImageEffects":true,"showParticleSystems":true,"showVisualEffectGraphs":true,"m_FxEnabled":true},"in2DMode":false,"pivot":{"x":0.5623432993888855,"y":0.08655834197998047,"z":-0.018346333876252176},"rotation":{"x":-0.013185045681893826,"y":-0.020393848419189454,"z":-0.00040284826536662877,"w":0.9997996091842651},"size":1.2314178943634034,"orthographic":false}