{"cameraMode":{"drawMode":0,"name":"Shaded","section":"Shading Mode"},"sceneLighting":false,"audioPlay":false,"sceneViewState":{"m_AlwaysRefresh":false,"showFog":true,"showSkybox":false,"showFlares":true,"showImageEffects":true,"showParticleSystems":true,"showVisualEffectGraphs":true,"m_FxEnabled":true},"in2DMode":false,"pivot":{"x":0.3352932333946228,"y":0.056075915694236758,"z":-0.02680766023695469},"rotation":{"x":0.13935586810112,"y":0.012458885088562966,"z":-0.0019252975471317769,"w":0.9902622103691101},"size":2.131417751312256,"orthographic":false}