{"cameraMode":{"drawMode":0,"name":"Shaded","section":"Shading Mode"},"sceneLighting":false,"audioPlay":false,"sceneViewState":{"m_AlwaysRefresh":false,"showFog":true,"showSkybox":false,"showFlares":true,"showImageEffects":true,"showParticleSystems":true,"showVisualEffectGraphs":true,"m_FxEnabled":true},"in2DMode":false,"pivot":{"x":-0.2779792249202728,"y":0.012319758534431458,"z":0.3217976689338684},"rotation":{"x":-0.16972312331199647,"y":-0.44206613302230837,"z":-0.08594497293233872,"w":0.8766952753067017},"size":0.33141785860061648,"orthographic":false}