{"cameraMode":{"drawMode":0,"name":"Shaded","section":"Shading Mode"},"sceneLighting":false,"audioPlay":false,"sceneViewState":{"m_AlwaysRefresh":false,"showFog":true,"showSkybox":false,"showFlares":true,"showImageEffects":true,"showParticleSystems":true,"showVisualEffectGraphs":true,"m_FxEnabled":true},"in2DMode":false,"pivot":{"x":-0.11875435709953308,"y":-0.3111245930194855,"z":-0.0037917494773864748},"rotation":{"x":0.014134134165942669,"y":0.9576141238212586,"z":-0.07205156981945038,"w":0.2787388563156128},"size":1.4405105113983155,"orthographic":false}