{"cameraMode":{"drawMode":0,"name":"Shaded","section":"Shading Mode"},"sceneLighting":false,"audioPlay":false,"sceneViewState":{"m_AlwaysRefresh":false,"showFog":true,"showSkybox":false,"showFlares":true,"showImageEffects":true,"showParticleSystems":true,"showVisualEffectGraphs":true,"m_FxEnabled":true},"in2DMode":false,"pivot":{"x":38.9432487487793,"y":-0.09499996900558472,"z":0.6132192611694336},"rotation":{"x":0.007743433583527803,"y":0.8691909909248352,"z":0.012513574212789536,"w":-0.49469971656799319},"size":0.004999998956918716,"orthographic":false}