{"cameraMode":{"drawMode":0,"name":"Shaded","section":"Shading Mode"},"sceneLighting":true,"audioPlay":false,"sceneViewState":{"m_AlwaysRefresh":false,"showFog":true,"showSkybox":false,"showFlares":true,"showImageEffects":true,"showParticleSystems":true,"showVisualEffectGraphs":true,"m_FxEnabled":true},"in2DMode":false,"pivot":{"x":0.16480527818202973,"y":3.6282050609588625,"z":-0.052321478724479678},"rotation":{"x":-0.009147539734840393,"y":0.7064064741134644,"z":-0.0010872898856177927,"w":0.7077562808990479},"size":1.873429536819458,"orthographic":false}